,LOAN_ID,TRANSFER_TS
12,133291,2015-03-16
48,149711,2015-03-30
60,152141,2015-01-22
66,162641,2015-03-25
95,182261,2015-03-21
106,193831,2015-04-15
162,528911,2015-03-10
179,1518801,2015-01-01
188,1522221,2015-01-03
191,1536991,2015-01-04
203,1537191,2015-01-02
215,1537391,2015-01-02
227,1537661,2015-01-04
239,1538211,2015-01-04
251,1540111,2015-01-04
262,1541631,2015-01-04
274,1541641,2015-01-04
278,1541761,2015-01-04
290,1542581,2015-01-04
302,1542681,2015-01-04
309,1542821,2015-01-04
316,1546771,2015-01-04
326,1547751,2015-01-04
338,1548231,2015-01-04
346,1548521,2015-01-07
358,1549861,2015-01-14
364,1549891,2015-01-02
369,1550751,2015-01-05
379,1551201,2015-01-05
387,1551311,2015-01-04
399,1551331,2015-01-04
411,1551871,2015-01-05
423,1551961,2015-01-06
430,1553151,2015-01-07
442,1553501,2015-01-03
447,1554311,2015-01-04
453,1555121,2015-01-07
457,1557141,2015-01-04
467,1557211,2015-01-05
473,1557241,2015-01-07
485,1558081,2015-01-07
495,1558481,2015-01-07
505,1558971,2015-01-06
509,1559191,2015-01-07
516,1559261,2015-01-07
528,1559401,2015-01-07
540,1560101,2015-01-07
546,1560601,2015-01-07
558,1561691,2015-01-04
561,1563891,2015-01-02
573,1565761,2015-01-03
578,1568981,2015-01-07
590,1569321,2015-01-09
602,1569871,2015-01-02
614,1570471,2015-01-05
621,1571061,2015-01-04
633,1572791,2015-01-07
638,1572871,2015-01-01
641,1572971,2015-01-07
647,1573151,2015-01-01
659,1573191,2015-01-07
671,1573441,2015-01-07
683,1573751,2015-01-10
695,1574051,2015-01-08
707,1574701,2015-01-07
719,1576841,2015-01-05
726,1578391,2015-01-07
735,1578401,2015-01-04
741,1578721,2015-01-07
752,1578731,2015-01-07
758,1579131,2015-01-01
765,1579171,2015-01-07
777,1579591,2015-01-04
787,1580061,2015-01-03
799,1580591,2015-01-05
802,1580631,2015-01-01
814,1580881,2015-01-05
821,1581351,2015-01-04
828,1581361,2015-01-07
834,1581371,2015-01-07
846,1582411,2015-01-06
853,1582541,2015-01-07
865,1582581,2015-01-06
866,1583011,2015-01-01
878,1583681,2015-01-05
881,1584961,2015-01-08
893,1585151,2015-01-05
905,1585561,2015-01-07
912,1585971,2015-01-02
918,1586211,2015-01-07
922,1586381,2015-01-04
934,1586561,2015-01-08
938,1586721,2015-01-05
944,1586811,2015-01-04
945,1587191,2015-01-08
950,1587941,2015-01-05
953,1588621,2015-01-09
963,1589451,2015-01-07
975,1590171,2015-01-04
976,1590361,2015-01-07
983,1591511,2015-01-04
989,1592201,2015-01-04
995,1592951,2015-01-05
1007,1594211,2015-01-05
1009,1594731,2015-01-16
1015,1594791,2015-01-05
1021,1594971,2015-01-05
1026,1595141,2015-01-09
1033,1595521,2015-01-05
1039,1595641,2015-01-11
1042,1595971,2015-01-05
1049,1595991,2015-01-07
1056,1596281,2015-01-05
1061,1597201,2015-01-08
1073,1598531,2015-01-06
1074,1599181,2015-01-09
1080,1599611,2015-01-04
1081,1600131,2015-01-04
1087,1600291,2015-01-07
1090,1601641,2015-01-06
1102,1602331,2015-01-08
1112,1602611,2015-01-09
1118,1603021,2015-01-12
1125,1603711,2015-01-07
1132,1603911,2015-01-05
1144,1604901,2015-01-05
1156,1605291,2015-01-05
1157,1605381,2015-01-08
1163,1605561,2015-01-12
1175,1606181,2015-01-23
1181,1606291,2015-01-21
1189,1606911,2015-01-05
1195,1607241,2015-01-09
1201,1607591,2015-01-13
1213,1607701,2015-01-05
1219,1607771,2015-01-14
1229,1607951,2015-01-09
1234,1607961,2015-01-05
1242,1607971,2015-01-05
1248,1608011,2015-01-14
1252,1608081,2015-01-04
1262,1608861,2015-01-09
1268,1609691,2015-01-07
1269,1610851,2015-01-08
1275,1611961,2015-01-05
1276,1612081,2015-01-06
1277,1613111,2015-01-05
1285,1613591,2015-01-08
1288,1613631,2015-01-14
1294,1614041,2015-01-07
1295,1614811,2015-01-07
1301,1615261,2015-01-06
1306,1615431,2015-01-20
1318,1615701,2015-01-05
1330,1615871,2015-01-13
1337,1615891,2015-01-21
1349,1616241,2015-01-06
1350,1616741,2015-01-10
1355,1618201,2015-01-06
1367,1621101,2015-01-08
1371,1621581,2015-01-06
1376,1621661,2015-01-07
1388,1622351,2015-01-09
1392,1622451,2015-01-07
1404,1622711,2015-01-06
1405,1622901,2015-01-09
1411,1623181,2015-01-09
1417,1623301,2015-01-06
1429,1623481,2015-01-13
1441,1624171,2015-01-08
1447,1624681,2015-01-08
1454,1624971,2015-01-21
1466,1625901,2015-01-07
1470,1628371,2015-01-08
1471,1628391,2015-01-19
1477,1628561,2015-01-14
1489,1628721,2015-01-12
1492,1628811,2015-01-13
1504,1629111,2015-01-07
1510,1629631,2015-01-09
1522,1629951,2015-01-16
1528,1630111,2015-01-09
1534,1630491,2015-01-09
1538,1630591,2015-01-09
1544,1630811,2015-01-12
1547,1631401,2015-01-21
1553,1631491,2015-01-08
1559,1631921,2015-01-12
1562,1631951,2015-01-21
1574,1631971,2015-01-20
1580,1631991,2015-01-15
1587,1632221,2015-01-12
1592,1633051,2015-01-09
1604,1633181,2015-01-08
1607,1633191,2015-01-09
1608,1633201,2015-01-11
1620,1634121,2015-01-20
1628,1635701,2015-01-22
1640,1636021,2015-01-22
1652,1636071,2015-01-15
1664,1636111,2015-01-08
1676,1636121,2015-01-14
1682,1637181,2015-01-16
1688,1637701,2015-01-10
1700,1637861,2015-01-09
1712,1638261,2015-01-12
1718,1638771,2015-01-14
1724,1639111,2015-01-09
1730,1639571,2015-01-14
1737,1642141,2015-01-09
1749,1642221,2015-01-10
1761,1642311,2015-01-09
1767,1642641,2015-01-14
1773,1642991,2015-01-13
1779,1643271,2015-01-10
1782,1643381,2015-01-16
1785,1643691,2015-01-23
1791,1643861,2015-01-09
1801,1643921,2015-01-22
1813,1644011,2015-01-12
1819,1644191,2015-01-22
1831,1644511,2015-01-09
1843,1644671,2015-01-17
1846,1645521,2015-01-13
1858,1646331,2015-01-16
1862,1646341,2015-01-12
1863,1647421,2015-01-12
1864,1647461,2015-01-12
1871,1648461,2015-01-22
1874,1649491,2015-01-12
1875,1649601,2015-01-16
1881,1649761,2015-01-22
1892,1650981,2015-01-13
1896,1651171,2015-01-16
1908,1651311,2015-01-16
1920,1651961,2015-01-16
1926,1652081,2015-01-12
1932,1652401,2015-01-13
1935,1652521,2015-01-22
1947,1654671,2015-01-14
1952,1655321,2015-01-21
1964,1655561,2015-01-16
1970,1657771,2015-01-16
1976,1658531,2015-01-19
1983,1658681,2015-01-23
1992,1659261,2015-01-22
1998,1660461,2015-01-16
2010,1661301,2015-01-22
2022,1661461,2015-01-13
2028,1661941,2015-01-16
2031,1661961,2015-01-16
2034,1662681,2015-01-13
2040,1662811,2015-01-18
2047,1662901,2015-01-13
2050,1663131,2015-01-14
2051,1663401,2015-01-15
2057,1663471,2015-01-16
2060,1663571,2015-01-15
2067,1664421,2015-01-21
2073,1664431,2015-01-16
2079,1664541,2015-01-13
2085,1664721,2015-01-23
2088,1664781,2015-01-23
2100,1665011,2015-01-15
2112,1665291,2015-01-18
2119,1665591,2015-01-23
2131,1666141,2015-01-26
2137,1667181,2015-01-13
2139,1667721,2015-01-17
2151,1668371,2015-01-15
2160,1668781,2015-01-18
2167,1668791,2015-01-26
2173,1668981,2015-01-21
2177,1669131,2015-01-14
2187,1669231,2015-01-20
2193,1669261,2015-01-23
2195,1669341,2015-01-14
2201,1669781,2015-01-21
2204,1670281,2015-01-20
2206,1671211,2015-01-15
2212,1671491,2015-01-21
2218,1671641,2015-01-21
2221,1671771,2015-01-16
2228,1671971,2015-01-14
2229,1672021,2015-01-27
2241,1672691,2015-01-17
2243,1672921,2015-01-14
2255,1672991,2015-01-16
2262,1673051,2015-01-14
2274,1673081,2015-01-23
2286,1673191,2015-01-16
2298,1673201,2015-01-16
2310,1673451,2015-01-16
2316,1673821,2015-01-15
2322,1673831,2015-01-15
2328,1673981,2015-01-14
2329,1674241,2015-01-21
2335,1674561,2015-01-25
2347,1675471,2015-01-16
2349,1675691,2015-01-14
2361,1675891,2015-01-14
2373,1676381,2015-01-16
2379,1677151,2015-01-16
2384,1677511,2015-01-26
2390,1677551,2015-01-18
2396,1677561,2015-01-14
2408,1677691,2015-01-23
2420,1677831,2015-01-15
2426,1678391,2015-01-14
2438,1678591,2015-01-21
2444,1678701,2015-01-19
2447,1678881,2015-01-14
2459,1679031,2015-01-17
2465,1679111,2015-01-15
2471,1679191,2015-01-17
2474,1679601,2015-01-20
2476,1679951,2015-01-15
2479,1680161,2015-01-21
2485,1680211,2015-01-23
2497,1680861,2015-01-29
2507,1681871,2015-01-25
2510,1681911,2015-01-15
2516,1682391,2015-01-17
2528,1682501,2015-01-15
2529,1682541,2015-01-25
2541,1682861,2015-01-29
2547,1682941,2015-01-21
2553,1683171,2015-01-19
2556,1683851,2015-01-16
2560,1684291,2015-01-25
2572,1684321,2015-01-16
2578,1684751,2015-01-29
2581,1685031,2015-01-20
2587,1685671,2015-01-23
2588,1685891,2015-01-23
2592,1686021,2015-01-23
2598,1686131,2015-01-19
2604,1686461,2015-01-16
2610,1686951,2015-01-24
2622,1687091,2015-01-27
2634,1687171,2015-01-28
2639,1687381,2015-01-27
2651,1687411,2015-01-16
2658,1687451,2015-01-22
2665,1688441,2015-01-21
2671,1688471,2015-01-23
2675,1688711,2015-01-23
2687,1688771,2015-01-23
2691,1689181,2015-01-17
2703,1689241,2015-01-20
2709,1689251,2015-01-21
2710,1689541,2015-01-18
2719,1689971,2015-01-23
2725,1690131,2015-01-23
2726,1690211,2015-01-18
2729,1690831,2015-01-21
2736,1691151,2015-01-19
2737,1691171,2015-01-19
2744,1691211,2015-01-17
2756,1691291,2015-01-23
2762,1691581,2015-01-26
2765,1691591,2015-01-23
2770,1691621,2015-01-20
2776,1691721,2015-01-20
2783,1692011,2015-01-23
2790,1692121,2015-01-23
2797,1692261,2015-01-21
2809,1692821,2015-01-21
2815,1692841,2015-01-27
2822,1692851,2015-01-23
2825,1694011,2015-01-22
2832,1694511,2015-01-20
2833,1694551,2015-01-19
2841,1695251,2015-01-20
2845,1695641,2015-01-23
2848,1696211,2015-01-22
2855,1696351,2015-01-25
2867,1696461,2015-01-27
2871,1696521,2015-01-22
2883,1696561,2015-01-19
2890,1696881,2015-01-23
2894,1697741,2015-01-31
2900,1698461,2015-01-22
2907,1698911,2015-01-20
2914,1699931,2015-01-29
2926,1700651,2015-01-20
2936,1700761,2015-01-23
2943,1701111,2015-01-29
2949,1701341,2015-01-22
2956,1701751,2015-01-27
2963,1702201,2015-01-29
2969,1702311,2015-01-23
2975,1702341,2015-01-23
2982,1703601,2015-01-21
2994,1703841,2015-01-26
3006,1704071,2015-01-19
3011,1704251,2015-01-31
3014,1704341,2015-01-28
3018,1704501,2015-01-29
3025,1704661,2015-01-19
3037,1704721,2015-01-26
3044,1704731,2015-01-23
3051,1705521,2015-01-20
3057,1705581,2015-01-23
3059,1705711,2015-01-26
3071,1705731,2015-01-23
3083,1706051,2015-01-25
3086,1706461,2015-01-23
3092,1706651,2015-01-21
3104,1707281,2015-01-20
3111,1707341,2015-01-23
3117,1707611,2015-01-30
3129,1708411,2015-01-26
3133,1708621,2015-01-20
3145,1708881,2015-01-23
3150,1708931,2015-01-23
3158,1709031,2015-01-22
3170,1709511,2015-01-21
3182,1710381,2015-01-26
3189,1710551,2015-01-30
3197,1710591,2015-01-20
3198,1710621,2015-01-28
3210,1711111,2015-02-04
3222,1711811,2015-01-23
3227,1711821,2015-02-02
3239,1711831,2015-01-23
3245,1711881,2015-01-25
3248,1712181,2015-01-23
3255,1712471,2015-01-21
3260,1714351,2015-01-21
3272,1714551,2015-01-23
3278,1714601,2015-01-26
3284,1714781,2015-01-26
3296,1715011,2015-01-27
3301,1715151,2015-01-22
3307,1715451,2015-01-26
3313,1715541,2015-01-28
3325,1715681,2015-02-04
3331,1715711,2015-01-22
3333,1715771,2015-02-05
3339,1715871,2015-01-28
3342,1715921,2015-01-23
3346,1716081,2015-01-22
3353,1716821,2015-01-23
3359,1717031,2015-01-30
3371,1717111,2015-02-02
3372,1717271,2015-02-01
3384,1717331,2015-01-21
3385,1717391,2015-01-28
3386,1717541,2015-02-05
3392,1717721,2015-01-22
3404,1718111,2015-01-28
3410,1718351,2015-01-31
3422,1718391,2015-01-22
3434,1719731,2015-01-23
3438,1720081,2015-02-02
3442,1720151,2015-01-22
3448,1720231,2015-01-25
3454,1720451,2015-01-25
3461,1721021,2015-02-04
3473,1721061,2015-01-22
3479,1721161,2015-01-30
3485,1721271,2015-01-27
3494,1721531,2015-01-29
3496,1721701,2015-01-23
3499,1721791,2015-01-22
3510,1721981,2015-01-29
3517,1722111,2015-01-28
3529,1722121,2015-01-23
3535,1722231,2015-01-23
3545,1722281,2015-01-23
3552,1723081,2015-01-23
3564,1723241,2015-01-26
3570,1723381,2015-01-28
3582,1723571,2015-02-03
3594,1724261,2015-01-28
3606,1724691,2015-01-23
3610,1724721,2015-01-23
3617,1724901,2015-01-23
3629,1725351,2015-01-26
3636,1725381,2015-02-05
3642,1725441,2015-01-24
3648,1725451,2015-01-27
3655,1726411,2015-02-06
3663,1727151,2015-01-26
3675,1727531,2015-01-27
3681,1727631,2015-02-02
3688,1727741,2015-01-27
3698,1727861,2015-01-30
3704,1727941,2015-01-26
3724,1727971,2015-01-26
3748,1728011,2015-01-26
3769,1728051,2015-01-26
3777,1728161,2015-01-26
3778,1728241,2015-01-27
3785,1728791,2015-02-01
3797,1728821,2015-01-27
3803,1729121,2015-01-26
3815,1730921,2015-02-05
3816,1731291,2015-01-27
3823,1732091,2015-01-30
3829,1732541,2015-01-27
3832,1732621,2015-01-29
3839,1732631,2015-01-30
3844,1732741,2015-01-26
3851,1732801,2015-01-27
3856,1732981,2015-02-01
3868,1733731,2015-01-28
3875,1734401,2015-02-03
3881,1734781,2015-02-06
3887,1734791,2015-01-27
3888,1734951,2015-01-30
3891,1736551,2015-01-29
3897,1736791,2015-01-27
3903,1737121,2015-02-02
3909,1737461,2015-02-03
3916,1737521,2015-02-03
3918,1737721,2015-01-27
3925,1737931,2015-02-03
3937,1738001,2015-02-08
3941,1738091,2015-01-26
3942,1739391,2015-01-27
3948,1739641,2015-01-30
3954,1739971,2015-01-29
3960,1740331,2015-02-04
3966,1740431,2015-01-26
3969,1740551,2015-02-01
3985,1740801,2015-02-09
3991,1741221,2015-02-03
3997,1741551,2015-02-08
4001,1741721,2015-02-07
4007,1741821,2015-01-26
4019,1742021,2015-01-28
4020,1742071,2015-02-08
4026,1742501,2015-01-27
4033,1742581,2015-01-28
4038,1742821,2015-01-29
4044,1743231,2015-02-02
4046,1743421,2015-02-03
4052,1743471,2015-01-30
4058,1743731,2015-01-28
4062,1743831,2015-02-03
4074,1743891,2015-02-05
4080,1744251,2015-01-27
4082,1745741,2015-02-01
4094,1746141,2015-01-29
4101,1746511,2015-01-29
4107,1746591,2015-01-27
4108,1746701,2015-01-30
4115,1747471,2015-02-07
4121,1747761,2015-02-03
4126,1747961,2015-02-02
4138,1748021,2015-02-04
4143,1748161,2015-01-30
4152,1748291,2015-02-02
4157,1748371,2015-02-02
4161,1748411,2015-02-01
4166,1748431,2015-02-02
4172,1748501,2015-01-28
4173,1748701,2015-02-06
4185,1748971,2015-02-03
4190,1749021,2015-02-02
4193,1749231,2015-02-02
4195,1749301,2015-02-11
4201,1749601,2015-02-04
4204,1749731,2015-01-28
4207,1750111,2015-01-28
4219,1750961,2015-02-02
4231,1751301,2015-02-02
4233,1751471,2015-02-02
4245,1751561,2015-02-06
4251,1751601,2015-02-02
4255,1751631,2015-02-10
4261,1751741,2015-02-05
4273,1752011,2015-01-28
4274,1752151,2015-02-03
4280,1752931,2015-01-29
4286,1753531,2015-02-03
4292,1753761,2015-02-10
4304,1753991,2015-01-29
4308,1754191,2015-02-05
4315,1754251,2015-01-30
4322,1754371,2015-01-29
4323,1754391,2015-02-02
4335,1754491,2015-02-02
4341,1754831,2015-02-09
4343,1755011,2015-01-30
4350,1755221,2015-02-02
4362,1755881,2015-01-29
4374,1755961,2015-02-10
4379,1756251,2015-02-04
4385,1756931,2015-02-10
4391,1756991,2015-02-02
4397,1757711,2015-01-30
4402,1758191,2015-02-11
4407,1758361,2015-02-02
4419,1758451,2015-02-02
4423,1758561,2015-02-05
4428,1759061,2015-01-30
4429,1759281,2015-02-10
4434,1759871,2015-02-02
4440,1759981,2015-01-30
4441,1760331,2015-02-04
4447,1760691,2015-02-10
4453,1760711,2015-01-30
4454,1761221,2015-02-02
4456,1762621,2015-01-31
4458,1762741,2015-02-02
4470,1762861,2015-02-02
4475,1762871,2015-02-09
4487,1763271,2015-02-14
4490,1763351,2015-02-06
4492,1763831,2015-02-14
4498,1764351,2015-02-11
4508,1764501,2015-02-14
4514,1767361,2015-02-08
4526,1767511,2015-02-07
4538,1767811,2015-02-02
4545,1767851,2015-02-03
4552,1768021,2015-02-04
4557,1769061,2015-02-03
4565,1769171,2015-02-05
4567,1769541,2015-02-05
4568,1770741,2015-02-03
4570,1770811,2015-02-03
4577,1770911,2015-02-05
4580,1772371,2015-02-03
4586,1772431,2015-02-06
4593,1773041,2015-02-04
4600,1773551,2015-02-05
4603,1773901,2015-02-03
4610,1774091,2015-02-07
4616,1774381,2015-02-06
4622,1774501,2015-02-06
4625,1774551,2015-02-05
4630,1774611,2015-02-04
4636,1776771,2015-02-04
4640,1777311,2015-02-02
4646,1777501,2015-02-12
4670,1777591,2015-02-05
4673,1778211,2015-02-03
4679,1778321,2015-02-03
4686,1778501,2015-02-04
4688,1778511,2015-02-15
4700,1778551,2015-02-04
4706,1778951,2015-02-16
4711,1779031,2015-02-05
4717,1779091,2015-02-14
4723,1779121,2015-02-11
4728,1779141,2015-02-04
4734,1779221,2015-02-03
4740,1779811,2015-02-06
4752,1780181,2015-02-04
4764,1780321,2015-02-05
4770,1780471,2015-02-14
4776,1780641,2015-02-12
4782,1781711,2015-02-04
4785,1783001,2015-02-03
4792,1783121,2015-02-05
4804,1783261,2015-02-05
4816,1783661,2015-02-05
4822,1783701,2015-02-05
4830,1783881,2015-02-04
4837,1784241,2015-02-04
4849,1784451,2015-02-09
4861,1784651,2015-02-15
4866,1784691,2015-02-06
4878,1785021,2015-02-04
4879,1785111,2015-02-06
4886,1785131,2015-02-06
4891,1785311,2015-02-10
4896,1785381,2015-02-04
4897,1785501,2015-02-04
4908,1785651,2015-02-05
4919,1785661,2015-02-05
4926,1785801,2015-02-09
4933,1786141,2015-02-10
4942,1786591,2015-02-06
4954,1787841,2015-02-06
4960,1789161,2015-02-05
4967,1789191,2015-02-06
4969,1789491,2015-02-06
4975,1789931,2015-02-06
4981,1790011,2015-02-05
4982,1790241,2015-02-06
4989,1790481,2015-02-11
4995,1790601,2015-02-17
5001,1791351,2015-02-11
5007,1791561,2015-02-11
5014,1792411,2015-02-08
5020,1793211,2015-02-08
5032,1793861,2015-02-08
5035,1793911,2015-02-17
5041,1793981,2015-02-14
5046,1794261,2015-02-17
5050,1794791,2015-02-08
5051,1795971,2015-02-08
5058,1796821,2015-02-06
5061,1797201,2015-02-08
5064,1797521,2015-02-06
5069,1797671,2015-02-11
5081,1798291,2015-02-09
5088,1798301,2015-02-06
5097,1798341,2015-02-10
5100,1798351,2015-02-09
5112,1800141,2015-02-10
5124,1800151,2015-02-14
5130,1801251,2015-02-09
5137,1801341,2015-02-06
5142,1802131,2015-02-07
5148,1802431,2015-02-13
5151,1803031,2015-02-09
5163,1803311,2015-02-09
5168,1804181,2015-02-11
5180,1804731,2015-02-16
5188,1804841,2015-02-13
5194,1805151,2015-02-11
5201,1805481,2015-02-11
5207,1806101,2015-02-13
5212,1806291,2015-02-13
5224,1807951,2015-02-15
5225,1810161,2015-02-11
5230,1810311,2015-02-11
5242,1810361,2015-02-12
5254,1810731,2015-02-12
5257,1810781,2015-02-09
5260,1810791,2015-02-12
5262,1810991,2015-02-15
5266,1811001,2015-02-11
5271,1811221,2015-02-14
5277,1811691,2015-02-11
5283,1811921,2015-02-09
5289,1812641,2015-02-11
5295,1815681,2015-02-16
5297,1815701,2015-02-17
5309,1815961,2015-02-12
5316,1816111,2015-02-11
5318,1816231,2015-02-13
5319,1816281,2015-02-12
5326,1816391,2015-02-11
5327,1817361,2015-02-13
5329,1817381,2015-02-11
5334,1817531,2015-02-17
5340,1817621,2015-02-13
5346,1818111,2015-02-17
5352,1818441,2015-02-16
5358,1818541,2015-02-13
5370,1818811,2015-02-14
5373,1819011,2015-02-18
5379,1819151,2015-02-13
5386,1819341,2015-02-18
5392,1820961,2015-02-11
5398,1821641,2015-02-09
5410,1822541,2015-02-18
5416,1822731,2015-02-13
5419,1822841,2015-02-13
5422,1822991,2015-02-15
5426,1823051,2015-02-13
5435,1823361,2015-02-11
5441,1823521,2015-02-10
5453,1823661,2015-02-11
5456,1823831,2015-02-14
5461,1823881,2015-02-14
5463,1824531,2015-02-15
5475,1825061,2015-02-11
5478,1825501,2015-02-14
5488,1826311,2015-02-14
5496,1826751,2015-02-13
5502,1826861,2015-02-16
5514,1827871,2015-02-13
5526,1827961,2015-02-15
5528,1828621,2015-02-13
5540,1829661,2015-02-12
5552,1829971,2015-02-15
5559,1830121,2015-02-14
5571,1830131,2015-02-14
5574,1830511,2015-02-14
5581,1830831,2015-02-15
5587,1831331,2015-02-12
5599,1831971,2015-02-12
5606,1832411,2015-02-14
5609,1832911,2015-02-11
5617,1833101,2015-02-18
5623,1833141,2015-02-17
5629,1834071,2015-02-12
5632,1835811,2015-02-15
5641,1835891,2015-02-13
5644,1835941,2015-02-17
5656,1836251,2015-02-14
5659,1836631,2015-02-14
5665,1836661,2015-02-12
5669,1836941,2015-02-13
5675,1837261,2015-02-16
5679,1837491,2015-02-18
5684,1837591,2015-02-17
5695,1837621,2015-02-13
5698,1837751,2015-02-14
5704,1837811,2015-02-13
5710,1838251,2015-02-14
5722,1838291,2015-02-16
5723,1838321,2015-02-16
5732,1838611,2015-02-18
5744,1838981,2015-02-16
5745,1839171,2015-02-12
5751,1839231,2015-02-16
5758,1839401,2015-02-13
5764,1839481,2015-02-16
5767,1839711,2015-02-14
5772,1839821,2015-02-17
5782,1839891,2015-02-14
5794,1840061,2015-02-12
5796,1840131,2015-02-15
5808,1841441,2015-02-17
5814,1841831,2015-02-16
5826,1841841,2015-02-16
5832,1841961,2015-02-16
5836,1842351,2015-02-12
5840,1842371,2015-02-14
5846,1842481,2015-02-13
5852,1842511,2015-02-15
5860,1843471,2015-02-14
5861,1843621,2015-02-15
5863,1844031,2015-02-17
5875,1844911,2015-02-17
5887,1844971,2015-02-16
5892,1845191,2015-02-17
5899,1845901,2015-02-18
5902,1847531,2015-02-16
5908,1847611,2015-02-16
5920,1847681,2015-02-26
5924,1847911,2015-02-17
5936,1848431,2015-02-13
5940,1848451,2015-02-13
5952,1848651,2015-02-17
5958,1849191,2015-02-16
5970,1849781,2015-02-15
5974,1849891,2015-02-19
5986,1850071,2015-02-15
5992,1850651,2015-03-03
5998,1850771,2015-02-16
6010,1850791,2015-02-15
6014,1851291,2015-02-19
6020,1851311,2015-02-15
6032,1851431,2015-02-15
6038,1851551,2015-02-15
6039,1851581,2015-02-16
6051,1851681,2015-02-16
6053,1851961,2015-02-15
6056,1852911,2015-02-17
6062,1853601,2015-02-16
6068,1853871,2015-02-15
6074,1853961,2015-02-25
6080,1854851,2015-02-25
6084,1854861,2015-02-16
6090,1855281,2015-02-16
6092,1855501,2015-02-16
6104,1855881,2015-02-16
6110,1856241,2015-02-17
6116,1856351,2015-02-16
6118,1856451,2015-02-17
6129,1856631,2015-02-17
6135,1856751,2015-02-25
6141,1856791,2015-02-16
6145,1856801,2015-02-17
6157,1856851,2015-02-17
6169,1857711,2015-02-25
6174,1857841,2015-02-16
6180,1857891,2015-02-25
6190,1858051,2015-02-26
6196,1858761,2015-02-28
6202,1858811,2015-02-17
6211,1858831,2015-02-17
6215,1859121,2015-02-17
6221,1859131,2015-02-17
6224,1859891,2015-02-25
6229,1860901,2015-02-25
6238,1861171,2015-02-28
6250,1861281,2015-02-26
6253,1861381,2015-02-26
6265,1862451,2015-02-26
6270,1862501,2015-02-25
6276,1863781,2015-02-25
6282,1864471,2015-02-25
6293,1864761,2015-02-25
6297,1865211,2015-02-25
6300,1865641,2015-02-25
6312,1865721,2015-02-25
6321,1866021,2015-02-27
6332,1866301,2015-02-25
6335,1867281,2015-02-25
6347,1867661,2015-02-27
6353,1867831,2015-02-25
6359,1867861,2015-02-26
6365,1868021,2015-03-02
6371,1868341,2015-03-04
6377,1868701,2015-02-26
6383,1868971,2015-02-25
6395,1869071,2015-02-26
6398,1869101,2015-02-27
6401,1869121,2015-03-03
6406,1869251,2015-02-26
6410,1869301,2015-02-26
6413,1869721,2015-02-26
6416,1869781,2015-02-26
6425,1870301,2015-02-28
6427,1870661,2015-02-27
6433,1870711,2015-02-26
6444,1870791,2015-02-25
6447,1870801,2015-02-26
6453,1870831,2015-02-28
6465,1870841,2015-02-25
6468,1870881,2015-02-26
6471,1871671,2015-02-26
6477,1871981,2015-02-26
6489,1872051,2015-02-25
6495,1872121,2015-02-26
6507,1872681,2015-02-26
6512,1872911,2015-02-26
6518,1872961,2015-02-26
6521,1873081,2015-02-25
6527,1873471,2015-02-26
6533,1873841,2015-02-26
6541,1874121,2015-02-26
6553,1874381,2015-02-25
6565,1874631,2015-02-26
6571,1875381,2015-02-27
6577,1875831,2015-03-01
6583,1876251,2015-02-28
6589,1876801,2015-02-26
6593,1877041,2015-03-06
6600,1877211,2015-03-02
6606,1877271,2015-02-28
6618,1877541,2015-03-01
6624,1877621,2015-02-27
6626,1877701,2015-02-27
6630,1878231,2015-02-26
6633,1878451,2015-02-28
6636,1878721,2015-02-27
6639,1878871,2015-02-28
6644,1879061,2015-02-27
6646,1879091,2015-02-27
6653,1879331,2015-02-27
6660,1880001,2015-02-27
6661,1880061,2015-02-27
6666,1880901,2015-02-28
6672,1881071,2015-02-27
6676,1881231,2015-03-01
6682,1881431,2015-02-27
6688,1881571,2015-02-27
6692,1881621,2015-02-27
6698,1881661,2015-02-27
6704,1881811,2015-02-28
6709,1881821,2015-02-27
6710,1882001,2015-03-02
6715,1882021,2015-02-27
6724,1882061,2015-02-27
6736,1882171,2015-02-28
6742,1882271,2015-03-19
6748,1882341,2015-02-28
6755,1882401,2015-03-03
6759,1882581,2015-02-28
6771,1882601,2015-02-28
6783,1882921,2015-03-02
6795,1882971,2015-03-02
6799,1883281,2015-02-28
6806,1883701,2015-02-28
6809,1884051,2015-02-28
6821,1884321,2015-02-28
6833,1884381,2015-02-28
6845,1884431,2015-03-03
6851,1884581,2015-03-02
6863,1884711,2015-03-02
6870,1885101,2015-02-28
6882,1885291,2015-03-03
6888,1885351,2015-03-04
6894,1885741,2015-02-28
6906,1885751,2015-02-28
6912,1886031,2015-03-04
6924,1886461,2015-03-05
6930,1886651,2015-03-03
6936,1886741,2015-03-03
6943,1887021,2015-03-03
6947,1887241,2015-03-02
6948,1887561,2015-03-02
6954,1887601,2015-03-06
6964,1889811,2015-03-02
6967,1890121,2015-03-02
6974,1890961,2015-03-03
6981,1891881,2015-03-05
6993,1891991,2015-03-03
6999,1892161,2015-03-03
7006,1892851,2015-03-02
7012,1892891,2015-03-04
7018,1892951,2015-03-03
7028,1893071,2015-03-09
7040,1893241,2015-03-02
7044,1893651,2015-03-04
7049,1893811,2015-03-08
7055,1893841,2015-03-02
7067,1894071,2015-03-04
7073,1894951,2015-03-02
7079,1894961,2015-03-02
7083,1895151,2015-03-03
7089,1895171,2015-03-02
7092,1895271,2015-03-14
7097,1895401,2015-03-02
7109,1895511,2015-03-02
7112,1895801,2015-03-03
7119,1895931,2015-03-06
7124,1896011,2015-03-04
7131,1896951,2015-03-03
7143,1897071,2015-03-03
7150,1897101,2015-03-02
7162,1897211,2015-03-03
7165,1897321,2015-03-02
7171,1897591,2015-03-03
7177,1897611,2015-03-03
7183,1897971,2015-03-02
7189,1898341,2015-03-03
7201,1898471,2015-03-03
7207,1898621,2015-03-05
7213,1899111,2015-03-06
7225,1899121,2015-03-03
7227,1899171,2015-03-03
7232,1899371,2015-03-03
7238,1899561,2015-03-03
7250,1900381,2015-03-03
7262,1900511,2015-03-03
7265,1900541,2015-03-03
7271,1900891,2015-03-03
7277,1901341,2015-03-03
7283,1901391,2015-03-03
7293,1901491,2015-03-03
7294,1901801,2015-03-05
7305,1901811,2015-03-03
7312,1902031,2015-03-05
7318,1902081,2015-03-04
7330,1902111,2015-03-03
7340,1902191,2015-03-06
7346,1902271,2015-03-03
7351,1902601,2015-03-04
7353,1902661,2015-03-05
7359,1902881,2015-03-05
7365,1902921,2015-03-06
7377,1902941,2015-03-05
7382,1903331,2015-03-05
7392,1903441,2015-03-04
7403,1903521,2015-03-04
7413,1903941,2015-03-05
7414,1904051,2015-03-05
7426,1904471,2015-03-04
7432,1904561,2015-03-10
7438,1904571,2015-03-05
7443,1904601,2015-03-05
7455,1904851,2015-03-04
7459,1905071,2015-03-04
7461,1905261,2015-03-12
7466,1905311,2015-03-05
7473,1905451,2015-03-04
7480,1905681,2015-03-07
7492,1907491,2015-03-09
7493,1907741,2015-03-05
7499,1908081,2015-03-05
7505,1908111,2015-03-04
7511,1908361,2015-03-05
7517,1908461,2015-03-05
7529,1908721,2015-03-05
7530,1909061,2015-03-06
7531,1909311,2015-03-05
7543,1909351,2015-03-06
7549,1909441,2015-03-04
7552,1909611,2015-03-06
7555,1909851,2015-03-05
7561,1910021,2015-03-05
7567,1910081,2015-03-05
7579,1910301,2015-03-05
7582,1910601,2015-03-05
7588,1910881,2015-03-05
7600,1910931,2015-03-06
7606,1911071,2015-03-16
7618,1911421,2015-03-05
7629,1911601,2015-03-05
7641,1911731,2015-03-05
7646,1911741,2015-03-05
7651,1912091,2015-03-05
7660,1912251,2015-03-06
7666,1912261,2015-03-11
7672,1912321,2015-03-05
7676,1912411,2015-03-06
7683,1912571,2015-03-06
7690,1912991,2015-03-21
7697,1914041,2015-03-05
7703,1914361,2015-03-09
7715,1914421,2015-03-05
7716,1914761,2015-03-06
7718,1915071,2015-03-05
7721,1915181,2015-03-06
7724,1915321,2015-03-06
7736,1915391,2015-03-09
7742,1915711,2015-03-06
7754,1915791,2015-03-10
7766,1915871,2015-03-07
7772,1915981,2015-03-06
7784,1916371,2015-03-07
7796,1916821,2015-03-06
7808,1916981,2015-03-06
7817,1917061,2015-03-06
7829,1917071,2015-03-06
7832,1917091,2015-03-06
7833,1917151,2015-03-08
7836,1917161,2015-03-06
7838,1917381,2015-03-09
7846,1918291,2015-03-06
7849,1919891,2015-03-06
7855,1920001,2015-03-06
7867,1920151,2015-03-09
7875,1920171,2015-03-06
7884,1920311,2015-03-06
7896,1920371,2015-03-06
7897,1920451,2015-03-06
7899,1920581,2015-03-06
7905,1920651,2015-03-08
7911,1920731,2015-03-07
7923,1920751,2015-03-06
7935,1920861,2015-03-07
7937,1920951,2015-03-06
7938,1921111,2015-03-07
7944,1921151,2015-03-07
7956,1921241,2015-03-06
7963,1921361,2015-03-11
7975,1921601,2015-03-09
7987,1921711,2015-03-07
7992,1921921,2015-03-06
8000,1922211,2015-03-07
8006,1922371,2015-03-08
8012,1922421,2015-03-06
8018,1922431,2015-03-06
8030,1922511,2015-03-06
8037,1922601,2015-03-06
8049,1922861,2015-03-06
8054,1922921,2015-03-07
8059,1923011,2015-03-07
8064,1923121,2015-03-06
8070,1923161,2015-03-07
8082,1923311,2015-03-07
8088,1923321,2015-03-09
8091,1923511,2015-03-07
8094,1923571,2015-03-09
8100,1924311,2015-03-07
8105,1924881,2015-03-07
8107,1924961,2015-03-07
8118,1925781,2015-03-09
8122,1926141,2015-03-11
8134,1926501,2015-03-09
8140,1926791,2015-03-09
8142,1926871,2015-03-10
8151,1927041,2015-03-08
8163,1927131,2015-03-09
8170,1927231,2015-03-10
8174,1927561,2015-03-17
8180,1927731,2015-03-09
8192,1927871,2015-03-10
8198,1927941,2015-03-09
8204,1927981,2015-03-09
8216,1928321,2015-03-09
8223,1928401,2015-03-09
8230,1928421,2015-03-11
8236,1928711,2015-03-10
8237,1929001,2015-03-16
8240,1929041,2015-03-09
8242,1929101,2015-03-11
8248,1929321,2015-03-09
8260,1929391,2015-03-11
8267,1929541,2015-03-09
8271,1929901,2015-03-09
8277,1929971,2015-03-09
8284,1929981,2015-03-09
8286,1930041,2015-03-12
8291,1931901,2015-03-09
8303,1932471,2015-03-17
8309,1932741,2015-03-11
8321,1933641,2015-03-10
8327,1933701,2015-03-09
8339,1934061,2015-03-10
8345,1934181,2015-03-10
8352,1934231,2015-03-09
8355,1934421,2015-03-10
8362,1934611,2015-03-11
8368,1934691,2015-03-09
8375,1934751,2015-03-10
8381,1935461,2015-03-10
8387,1935471,2015-03-11
8389,1935631,2015-03-09
8394,1935781,2015-03-09
8400,1936281,2015-03-09
8403,1936551,2015-03-10
8412,1936791,2015-03-10
8418,1936841,2015-03-10
8430,1936991,2015-03-09
8442,1937061,2015-03-09
8445,1937171,2015-03-09
8457,1937211,2015-03-09
8459,1937251,2015-03-13
8464,1937261,2015-03-09
8465,1937391,2015-03-09
8489,1937431,2015-03-11
8495,1937721,2015-03-09
8501,1937771,2015-03-09
8504,1937781,2015-03-10
8510,1937841,2015-03-09
8517,1937931,2015-03-10
8523,1938101,2015-03-10
8529,1938231,2015-03-10
8535,1938401,2015-03-09
8559,1938481,2015-03-09
8565,1938631,2015-03-10
8572,1938761,2015-03-09
8584,1938771,2015-03-13
8591,1938971,2015-03-09
8596,1939001,2015-03-12
8598,1939031,2015-03-09
8602,1939061,2015-03-09
8614,1939191,2015-03-09
8626,1939201,2015-03-09
8632,1939321,2015-03-09
8644,1939331,2015-03-10
8651,1939431,2015-03-09
8656,1939471,2015-03-09
8668,1939661,2015-03-12
8675,1939681,2015-03-09
8687,1939791,2015-03-13
8699,1940111,2015-03-11
8705,1940141,2015-03-09
8717,1940221,2015-03-09
8725,1940251,2015-03-14
8731,1940281,2015-03-12
8737,1940451,2015-03-11
8745,1940491,2015-03-11
8751,1940611,2015-03-10
8763,1940701,2015-03-11
8775,1940771,2015-03-10
8782,1940831,2015-03-10
8788,1940991,2015-03-11
8800,1941021,2015-03-10
8811,1941041,2015-03-10
8817,1941131,2015-03-11
8826,1941481,2015-03-10
8829,1942191,2015-03-11
8841,1942231,2015-03-10
8846,1942281,2015-03-13
8852,1942481,2015-03-16
8858,1943111,2015-03-10
8860,1943441,2015-03-13
8866,1943731,2015-03-11
8878,1944131,2015-03-11
8884,1944341,2015-03-10
8890,1944731,2015-03-10
8902,1944751,2015-03-11
8907,1944821,2015-03-11
8912,1944871,2015-03-10
8924,1944921,2015-03-14
8936,1944931,2015-03-11
8942,1945231,2015-03-11
8948,1945381,2015-03-10
8960,1945641,2015-03-10
8966,1945671,2015-03-10
8969,1945741,2015-03-11
8970,1946131,2015-03-11
8975,1946211,2015-03-12
8987,1946461,2015-03-11
8994,1946481,2015-03-10
9003,1946711,2015-03-11
9009,1946811,2015-03-12
9016,1946891,2015-03-11
9040,1946921,2015-03-13
9046,1947021,2015-03-10
9058,1947231,2015-03-11
9065,1947281,2015-03-14
9071,1947491,2015-03-10
9083,1947541,2015-03-10
9089,1947571,2015-03-11
9095,1947591,2015-03-11
9101,1947861,2015-03-12
9107,1948071,2015-03-11
9111,1948711,2015-03-14
9117,1948751,2015-03-11
9123,1948791,2015-03-12
9129,1948941,2015-03-12
9141,1950331,2015-03-11
9153,1951791,2015-03-12
9154,1952051,2015-03-11
9162,1952361,2015-03-13
9168,1952391,2015-03-11
9178,1952861,2015-03-18
9190,1953211,2015-03-13
9196,1953591,2015-03-11
9201,1953721,2015-03-12
9205,1953901,2015-03-11
9215,1953941,2015-03-13
9219,1954011,2015-03-12
9226,1954101,2015-03-12
9238,1954481,2015-03-13
9244,1954521,2015-03-14
9250,1954841,2015-03-11
9262,1954901,2015-03-12
9265,1955121,2015-03-12
9268,1955191,2015-03-12
9271,1955291,2015-03-14
9283,1955621,2015-03-12
9290,1955851,2015-03-12
9302,1956011,2015-03-13
9303,1956111,2015-03-14
9315,1956661,2015-03-12
9321,1957301,2015-03-20
9326,1958771,2015-03-17
9332,1958951,2015-03-12
9334,1959061,2015-03-12
9340,1959091,2015-03-21
9346,1959141,2015-03-12
9349,1959251,2015-03-13
9356,1959521,2015-03-12
9368,1960111,2015-03-12
9374,1960141,2015-03-13
9386,1960201,2015-03-13
9389,1960431,2015-03-17
9401,1960471,2015-03-12
9407,1960481,2015-03-13
9411,1960561,2015-03-12
9423,1960691,2015-03-13
9429,1960701,2015-03-14
9440,1961081,2015-03-13
9446,1961101,2015-03-12
9452,1961111,2015-03-12
9464,1961191,2015-03-12
9470,1961211,2015-03-14
9472,1961271,2015-03-12
9475,1961301,2015-03-12
9487,1961351,2015-03-13
9496,1961451,2015-03-13
9508,1961481,2015-03-12
9514,1961501,2015-03-13
9518,1961511,2015-03-12
9524,1961541,2015-03-17
9531,1961551,2015-03-13
9533,1961711,2015-03-13
9541,1961771,2015-03-13
9546,1961911,2015-03-12
9558,1962041,2015-03-18
9564,1962371,2015-03-13
9576,1962421,2015-03-13
9582,1962481,2015-03-12
9588,1962531,2015-03-13
9592,1962731,2015-03-12
9603,1962791,2015-03-18
9615,1962851,2015-03-13
9620,1962901,2015-03-14
9623,1962991,2015-03-13
9634,1963321,2015-03-13
9639,1963381,2015-03-20
9645,1963681,2015-03-13
9655,1963701,2015-03-16
9661,1963751,2015-03-13
9663,1963811,2015-03-16
9669,1963931,2015-03-14
9675,1964451,2015-03-13
9687,1964831,2015-03-18
9695,1965211,2015-03-13
9701,1965401,2015-03-14
9705,1965511,2015-03-14
9711,1965901,2015-03-14
9717,1965911,2015-03-13
9726,1966041,2015-03-13
9733,1966071,2015-03-16
9740,1966081,2015-03-14
9746,1966121,2015-03-13
9758,1966131,2015-03-17
9760,1966141,2015-03-13
9772,1966221,2015-03-13
9778,1966231,2015-03-13
9784,1966261,2015-03-16
9789,1966301,2015-03-13
9801,1966541,2015-03-13
9812,1966571,2015-03-13
9818,1966961,2015-03-20
9824,1966981,2015-03-13
9826,1967241,2015-03-16
9835,1967271,2015-03-16
9836,1967391,2015-03-16
9842,1967411,2015-03-14
9849,1967441,2015-03-13
9861,1967511,2015-03-13
9873,1967771,2015-03-14
9885,1967791,2015-03-14
9893,1967941,2015-03-18
9899,1968011,2015-03-14
9905,1968051,2015-03-14
9917,1968101,2015-03-14
9929,1968111,2015-03-13
9941,1968161,2015-03-13
9953,1968421,2015-03-14
9958,1968571,2015-03-19
9964,1968611,2015-03-14
9973,1968701,2015-03-16
9979,1968751,2015-03-16
9984,1968941,2015-03-14
9990,1969011,2015-03-16
10002,1969041,2015-03-18
10014,1969131,2015-03-14
10024,1969141,2015-03-14
10034,1969161,2015-03-24
10045,1969281,2015-03-16
10051,1969751,2015-03-16
10054,1969761,2015-03-17
10060,1969781,2015-03-16
10066,1970311,2015-03-16
10068,1970331,2015-03-16
10073,1970391,2015-03-16
10082,1970401,2015-03-18
10085,1971121,2015-03-16
10088,1971871,2015-03-16
10100,1972131,2015-03-16
10105,1972171,2015-03-19
10111,1972451,2015-03-20
10123,1972561,2015-03-16
10128,1972861,2015-03-16
10140,1972881,2015-03-16
10148,1973001,2015-03-16
10151,1973301,2015-03-16
10152,1973401,2015-03-16
10164,1973421,2015-03-14
10170,1973541,2015-03-19
10177,1973841,2015-03-16
10178,1974161,2015-03-16
10181,1974331,2015-03-16
10185,1974561,2015-03-17
10189,1974701,2015-03-29
10195,1974781,2015-03-17
10199,1974801,2015-03-15
10211,1974901,2015-03-17
10212,1975181,2015-03-16
10217,1976011,2015-03-16
10224,1976781,2015-03-18
10230,1976831,2015-03-18
10235,1977241,2015-03-16
10241,1978481,2015-03-20
10247,1978581,2015-03-22
10259,1978971,2015-03-16
10271,1979131,2015-03-16
10277,1979341,2015-03-16
10281,1979791,2015-03-19
10291,1980171,2015-03-16
10298,1980831,2015-03-24
10310,1980861,2015-03-16
10322,1981191,2015-03-16
10323,1981451,2015-03-17
10330,1981471,2015-03-17
10336,1981551,2015-03-19
10343,1981841,2015-03-23
10349,1981921,2015-03-18
10350,1982471,2015-03-16
10356,1983401,2015-03-24
10362,1984051,2015-03-22
10365,1984871,2015-03-16
10372,1984881,2015-03-17
10379,1985121,2015-03-25
10380,1985211,2015-03-18
10385,1985351,2015-03-17
10390,1985361,2015-03-17
10400,1985531,2015-03-19
10412,1985651,2015-03-19
10418,1986021,2015-03-20
10425,1986231,2015-03-16
10437,1986471,2015-03-23
10449,1986641,2015-03-17
10461,1986651,2015-03-20
10473,1986721,2015-03-17
10480,1986851,2015-03-17
10486,1986891,2015-03-18
10493,1986931,2015-03-17
10499,1986951,2015-03-16
10511,1987201,2015-03-22
10517,1987231,2015-03-17
10523,1987241,2015-03-16
10526,1987551,2015-03-17
10532,1987561,2015-03-19
10538,1987671,2015-03-17
10550,1987721,2015-03-18
10560,1987771,2015-03-26
10563,1987871,2015-03-19
10575,1987971,2015-03-18
10587,1988001,2015-03-17
10588,1988231,2015-03-18
10593,1988241,2015-03-19
10600,1988351,2015-03-20
10602,1988501,2015-03-19
10614,1988521,2015-03-21
10617,1988691,2015-03-17
10629,1989491,2015-03-24
10641,1990031,2015-03-26
10647,1990341,2015-03-28
10653,1990581,2015-03-24
10665,1991101,2015-03-19
10677,1991351,2015-03-18
10684,1991371,2015-03-20
10694,1991471,2015-03-21
10706,1991481,2015-03-17
10709,1991521,2015-03-18
10715,1991531,2015-03-18
10721,1991561,2015-03-17
10727,1991601,2015-03-17
10733,1991621,2015-03-18
10739,1991701,2015-03-17
10751,1991791,2015-03-17
10757,1991931,2015-03-20
10764,1992051,2015-03-17
10775,1992141,2015-03-17
10781,1992191,2015-03-22
10782,1992231,2015-03-17
10787,1992241,2015-03-18
10790,1992311,2015-03-21
10800,1992381,2015-03-17
10806,1992421,2015-03-19
10812,1992461,2015-03-19
10818,1992581,2015-03-20
10824,1992771,2015-03-19
10830,1992811,2015-03-20
10842,1992891,2015-03-17
10853,1993041,2015-03-17
10865,1993161,2015-03-18
10877,1993251,2015-03-18
10883,1993261,2015-03-17
10886,1993551,2015-03-18
10893,1993681,2015-03-19
10905,1993731,2015-03-17
10912,1993761,2015-03-18
10917,1993791,2015-03-18
10925,1993851,2015-03-18
10937,1993861,2015-03-17
10944,1993921,2015-03-19
10956,1993971,2015-03-17
10960,1994071,2015-03-24
10970,1994091,2015-03-17
10975,1994191,2015-03-18
10979,1994201,2015-03-19
10991,1994341,2015-03-22
10998,1994521,2015-03-18
11002,1994571,2015-03-18
11014,1994641,2015-03-18
11026,1994821,2015-03-21
11038,1994891,2015-03-18
11048,1995011,2015-03-18
11057,1995061,2015-03-22
11069,1995361,2015-03-20
11075,1995421,2015-03-19
11081,1995571,2015-03-19
11088,1995761,2015-03-18
11093,1995771,2015-03-19
11100,1996361,2015-03-20
11106,1996431,2015-03-19
11113,1996691,2015-03-21
11115,1997111,2015-03-19
11127,1997541,2015-03-19
11132,1997591,2015-03-23
11138,1997631,2015-03-18
11140,1997681,2015-03-18
11152,1997721,2015-03-18
11163,1997731,2015-03-18
11169,1998031,2015-03-18
11175,1998091,2015-03-22
11182,1998171,2015-03-18
11188,1998211,2015-03-18
11200,1998231,2015-03-21
11206,1998341,2015-03-24
11218,1998451,2015-03-20
11219,1998791,2015-03-23
11225,1998911,2015-03-18
11231,1998971,2015-03-19
11236,1999061,2015-03-24
11242,1999101,2015-03-19
11249,1999291,2015-03-25
11251,1999441,2015-03-20
11258,1999451,2015-03-18
11264,1999681,2015-03-20
11276,1999751,2015-03-19
11283,2000281,2015-03-21
11295,2000411,2015-03-30
11307,2000441,2015-04-02
11313,2000511,2015-03-23
11319,2000561,2015-03-20
11331,2000611,2015-03-19
11343,2000701,2015-03-19
11349,2000991,2015-03-22
11357,2001121,2015-03-19
11364,2001131,2015-03-23
11369,2001231,2015-03-20
11373,2001261,2015-03-20
11379,2001271,2015-03-24
11385,2001411,2015-03-23
11396,2001851,2015-03-20
11408,2001931,2015-03-26
11414,2002861,2015-03-22
11426,2003511,2015-03-21
11438,2003731,2015-03-25
11444,2003791,2015-03-26
11450,2003811,2015-03-21
11454,2003911,2015-03-19
11460,2003941,2015-03-20
11472,2004021,2015-03-24
11477,2004241,2015-03-19
11481,2004271,2015-03-19
11487,2004501,2015-03-20
11489,2004511,2015-03-20
11496,2004541,2015-03-21
11501,2004701,2015-03-20
11507,2005141,2015-03-21
11512,2005151,2015-03-19
11518,2005181,2015-03-22
11524,2005231,2015-03-22
11530,2005401,2015-03-19
11542,2005471,2015-03-20
11554,2005521,2015-03-21
11566,2005631,2015-03-24
11578,2005671,2015-03-23
11585,2005861,2015-03-19
11597,2006101,2015-03-20
11609,2006151,2015-03-21
11621,2006281,2015-03-23
11627,2006361,2015-03-23
11639,2006461,2015-03-23
11643,2006741,2015-03-22
11644,2006771,2015-03-25
11662,2006781,2015-03-20
11669,2006841,2015-03-31
11673,2006961,2015-03-27
11678,2007211,2015-03-24
11681,2007231,2015-03-20
11686,2007281,2015-03-31
11697,2007531,2015-03-21
11704,2007601,2015-03-20
11711,2007881,2015-03-24
11717,2007951,2015-03-20
11720,2008061,2015-03-20
11722,2008891,2015-03-23
11732,2010871,2015-04-03
11744,2010881,2015-03-21
11756,2010911,2015-03-23
11759,2011211,2015-03-21
11769,2011531,2015-03-23
11775,2011661,2015-03-29
11787,2011691,2015-03-24
11799,2011771,2015-03-23
11811,2012181,2015-03-20
11815,2012301,2015-03-24
11825,2012351,2015-03-21
11835,2012461,2015-03-21
11847,2012891,2015-03-27
11851,2013161,2015-03-31
11857,2013171,2015-03-23
11869,2013241,2015-03-23
11874,2013401,2015-03-23
11881,2013681,2015-03-23
11887,2013951,2015-03-22
11896,2014151,2015-03-30
11902,2014341,2015-03-23
11909,2014401,2015-03-22
11916,2015001,2015-03-27
11922,2015011,2015-03-23
11934,2016611,2015-03-23
11940,2017581,2015-03-24
11945,2017761,2015-03-27
11957,2019241,2015-03-23
11963,2019641,2015-03-22
11965,2019841,2015-03-23
11966,2019851,2015-03-23
11978,2019961,2015-03-24
11986,2021341,2015-03-25
11992,2021681,2015-03-23
11998,2023461,2015-03-25
12006,2023911,2015-03-23
12010,2024251,2015-03-22
12014,2024441,2015-03-27
12015,2024721,2015-03-24
12021,2025401,2015-03-25
12033,2025821,2015-03-27
12040,2025871,2015-04-02
12046,2026131,2015-04-04
12052,2026281,2015-03-26
12059,2027041,2015-03-23
12071,2027281,2015-03-24
12083,2028961,2015-03-23
12095,2029121,2015-03-24
12102,2029181,2015-03-24
12108,2029291,2015-03-27
12115,2029421,2015-04-03
12125,2029481,2015-03-29
12137,2029571,2015-03-29
12149,2029641,2015-04-05
12161,2029911,2015-04-04
12166,2029921,2015-03-24
12177,2029971,2015-03-31
12189,2029991,2015-03-25
12193,2030191,2015-03-25
12200,2030241,2015-03-25
12206,2030261,2015-03-23
12211,2030281,2015-04-06
12222,2030381,2015-03-23
12234,2030731,2015-03-23
12237,2030821,2015-03-28
12249,2030971,2015-03-24
12256,2031231,2015-03-26
12260,2031531,2015-03-24
12272,2031801,2015-03-26
12284,2031891,2015-03-25
12294,2032161,2015-03-30
12300,2032281,2015-03-25
12306,2032381,2015-03-24
12312,2032661,2015-03-25
12321,2032691,2015-03-26
12324,2032701,2015-03-25
12330,2032871,2015-03-24
12342,2032951,2015-03-24
12348,2033181,2015-04-01
12360,2033521,2015-03-24
12366,2033571,2015-03-25
12369,2033891,2015-03-25
12373,2034081,2015-03-24
12374,2034271,2015-03-25
12377,2034481,2015-03-29
12382,2036101,2015-03-25
12387,2036461,2015-03-25
12393,2036591,2015-03-24
12405,2036831,2015-03-24
12417,2037001,2015-03-26
12429,2037171,2015-03-26
12436,2037181,2015-03-25
12441,2037411,2015-04-05
12445,2037431,2015-03-29
12452,2037971,2015-03-26
12459,2038111,2015-03-29
12471,2038441,2015-03-24
12475,2038701,2015-03-31
12481,2038711,2015-03-25
12485,2038761,2015-03-27
12488,2038901,2015-03-25
12493,2039101,2015-03-25
12505,2039141,2015-03-27
12517,2039151,2015-03-25
12528,2039401,2015-03-25
12531,2039461,2015-03-26
12537,2039581,2015-03-25
12542,2039831,2015-03-24
12546,2040461,2015-03-25
12547,2040701,2015-03-26
12550,2040931,2015-03-30
12556,2040961,2015-03-25
12559,2041031,2015-03-27
12571,2041051,2015-03-26
12583,2041141,2015-03-30
12589,2041151,2015-03-27
12592,2041501,2015-03-28
12598,2041551,2015-03-25
12610,2042271,2015-03-30
12616,2043201,2015-03-25
12628,2043261,2015-03-28
12635,2043451,2015-03-28
12647,2043601,2015-03-27
12653,2043741,2015-03-25
12659,2043971,2015-03-25
12664,2044051,2015-03-29
12668,2044211,2015-03-30
12680,2044241,2015-03-28
12692,2044261,2015-03-31
12704,2044281,2015-03-31
12716,2044311,2015-03-27
12726,2044591,2015-03-29
12732,2044601,2015-03-26
12739,2044641,2015-03-27
12746,2044781,2015-03-26
12749,2044791,2015-03-25
12752,2044981,2015-04-04
12764,2045111,2015-03-25
12775,2045421,2015-04-05
12787,2045461,2015-03-25
12799,2045811,2015-03-27
12806,2045941,2015-04-05
12812,2046121,2015-03-25
12818,2046251,2015-03-31
12824,2046281,2015-03-26
12831,2046321,2015-03-26
12837,2046781,2015-03-30
12849,2046791,2015-03-27
12855,2046971,2015-04-07
12861,2047091,2015-03-27
12863,2048331,2015-03-27
12875,2048391,2015-03-26
12881,2049011,2015-03-27
12888,2049211,2015-03-27
12891,2049241,2015-03-30
12893,2049481,2015-03-27
12899,2050291,2015-04-02
12911,2050451,2015-03-27
12917,2050761,2015-04-03
12929,2050861,2015-03-26
12941,2051191,2015-03-26
12946,2051231,2015-03-29
12948,2051521,2015-03-29
12958,2051801,2015-03-27
12964,2052061,2015-03-28
12967,2052161,2015-03-28
12974,2052341,2015-03-26
12981,2052351,2015-03-27
12993,2052361,2015-03-28
12997,2052491,2015-04-04
13003,2052501,2015-03-31
13010,2052631,2015-04-05
13022,2052921,2015-03-29
13028,2053121,2015-03-30
13033,2053281,2015-04-06
13040,2053321,2015-03-31
13046,2053801,2015-04-05
13047,2054101,2015-03-27
13059,2054161,2015-03-31
13065,2054361,2015-03-31
13083,2054421,2015-03-30
13089,2054561,2015-03-31
13094,2054641,2015-04-05
13106,2054651,2015-04-01
13118,2054661,2015-03-31
13130,2054871,2015-03-27
13136,2055051,2015-03-30
13148,2055231,2015-03-29
13151,2056341,2015-03-28
13155,2056411,2015-03-28
13157,2057861,2015-03-27
13169,2057911,2015-03-28
13170,2058101,2015-03-28
13182,2058231,2015-03-28
13193,2058411,2015-03-31
13200,2058561,2015-03-27
13212,2058641,2015-03-28
13218,2059421,2015-03-30
13224,2059491,2015-03-30
13231,2059531,2015-03-27
13238,2059581,2015-03-27
13242,2060011,2015-04-06
13246,2060021,2015-03-29
13253,2060241,2015-03-31
13265,2060611,2015-04-09
13268,2060701,2015-03-30
13269,2061131,2015-03-30
13276,2061251,2015-03-30
13300,2061291,2015-03-30
13324,2061461,2015-03-30
13336,2061541,2015-03-30
13343,2061721,2015-03-31
13349,2061781,2015-03-31
13361,2062041,2015-03-29
13367,2062351,2015-03-30
13371,2062801,2015-03-31
13372,2064391,2015-03-30
13376,2065021,2015-03-31
13381,2065131,2015-03-31
13388,2066181,2015-04-02
13400,2066261,2015-03-30
13405,2066431,2015-04-01
13416,2066531,2015-03-30
13420,2066641,2015-03-30
13424,2067531,2015-03-31
13425,2068691,2015-03-30
13428,2069171,2015-04-02
13435,2070041,2015-03-31
13439,2070281,2015-03-30
13444,2070821,2015-03-30
13449,2071671,2015-03-30
13455,2071851,2015-03-31
13465,2072431,2015-03-31
13470,2072481,2015-03-30
13475,2072711,2015-03-30
13481,2072861,2015-03-31
13483,2072931,2015-03-30
13490,2073151,2015-03-31
13496,2073481,2015-04-06
13502,2073911,2015-03-30
13508,2073941,2015-04-01
13520,2074331,2015-04-02
13525,2074481,2015-03-30
13529,2076711,2015-03-31
13530,2076881,2015-04-01
13542,2076901,2015-03-31
13554,2076911,2015-04-02
13561,2077151,2015-04-01
13567,2077181,2015-03-30
13574,2077201,2015-03-30
13580,2077281,2015-03-30
13584,2077361,2015-04-07
13587,2077381,2015-03-31
13589,2077781,2015-04-04
13601,2077801,2015-03-30
13605,2078201,2015-04-03
13617,2078401,2015-03-31
13623,2078471,2015-03-30
13629,2078541,2015-04-06
13638,2078701,2015-04-07
13644,2079081,2015-04-02
13649,2079101,2015-04-04
13661,2079121,2015-04-02
13667,2079341,2015-03-31
13671,2079491,2015-03-31
13677,2079671,2015-03-30
13683,2079721,2015-03-31
13689,2080021,2015-04-02
13692,2080201,2015-04-01
13697,2080491,2015-04-01
13699,2080651,2015-04-06
13709,2080671,2015-04-02
13713,2081101,2015-03-31
13719,2081831,2015-04-01
13731,2083061,2015-04-01
13743,2083731,2015-04-07
13755,2084171,2015-03-31
13761,2084201,2015-04-01
13767,2084551,2015-04-01
13772,2085061,2015-04-03
13780,2085261,2015-04-03
13786,2085421,2015-04-02
13795,2086431,2015-04-04
13801,2087181,2015-03-31
13813,2087251,2015-03-31
13816,2087291,2015-03-31
13840,2087511,2015-04-05
13846,2087601,2015-04-03
13858,2087671,2015-04-03
13864,2087771,2015-04-07
13870,2088011,2015-04-03
13881,2088141,2015-04-02
13893,2088661,2015-04-03
13895,2088761,2015-04-01
13900,2089461,2015-04-01
13903,2089561,2015-04-02
13909,2089671,2015-04-08
13915,2089711,2015-04-02
13916,2089721,2015-04-01
13923,2089941,2015-04-02
13929,2090121,2015-04-06
13941,2092551,2015-04-09
13947,2092561,2015-04-02
13951,2092641,2015-04-03
13957,2092841,2015-04-03
13969,2092981,2015-04-04
13976,2093531,2015-04-03
13977,2093681,2015-04-02
13989,2093711,2015-04-03
14001,2093961,2015-04-03
14007,2094341,2015-04-07
14019,2094351,2015-04-03
14025,2094371,2015-04-09
14037,2094421,2015-04-06
14049,2094431,2015-04-02
14056,2094491,2015-04-02
14068,2094571,2015-04-02
14074,2094661,2015-04-07
14081,2094681,2015-04-05
14087,2094721,2015-04-02
14093,2094871,2015-04-02
14100,2094931,2015-04-02
14104,2095321,2015-04-02
14108,2095331,2015-04-07
14114,2095381,2015-04-03
14118,2095491,2015-04-02
14125,2095701,2015-04-07
14134,2095911,2015-04-02
14146,2095921,2015-04-08
14148,2095961,2015-04-09
14150,2095991,2015-04-03
14154,2096611,2015-04-02
14166,2097261,2015-04-08
14167,2097341,2015-04-09
14175,2097751,2015-04-07
14179,2099271,2015-04-02
14186,2099621,2015-04-03
14198,2099691,2015-04-03
14210,2099881,2015-04-03
14222,2099961,2015-04-07
14234,2100861,2015-04-04
14236,2101491,2015-04-03
14239,2101511,2015-04-08
14251,2101751,2015-04-06
14254,2102221,2015-04-03
14261,2102521,2015-04-07
14285,2102551,2015-04-07
14309,2103371,2015-04-03
14313,2103621,2015-04-03
14320,2103761,2015-04-03
14327,2103781,2015-04-07
14328,2103851,2015-04-03
14330,2104631,2015-04-03
14331,2104781,2015-04-09
14334,2105791,2015-04-03
14340,2105851,2015-04-03
14341,2106221,2015-04-04
14348,2107141,2015-04-09
14354,2107251,2015-04-04
14366,2108051,2015-04-03
14378,2108241,2015-04-03
14390,2108671,2015-04-03
14402,2108771,2015-04-08
14405,2108941,2015-04-03
14409,2109321,2015-04-07
14420,2110801,2015-04-07
14426,2110861,2015-04-08
14433,2110921,2015-04-07
14435,2110961,2015-04-09
14447,2111271,2015-04-07
14453,2111321,2015-04-07
14459,2112651,2015-04-08
14471,2112701,2015-04-07
14483,2113171,2015-04-09
14484,2113921,2015-04-07
14487,2114571,2015-04-08
14499,2115141,2015-04-07
14502,2115211,2015-04-07
14514,2115511,2015-04-10
14526,2115691,2015-04-07
14533,2116081,2015-04-09
14540,2116231,2015-04-08
14547,2117501,2015-04-08
14553,2117971,2015-04-07
14558,2120081,2015-04-09
14564,2120341,2015-04-09
14565,2120401,2015-04-10
14568,2121421,2015-04-08
14574,2121621,2015-04-07
14577,2121741,2015-04-09
14583,2122911,2015-04-10
14595,2123261,2015-04-08
14597,2123311,2015-04-07
14602,2124381,2015-04-11
14614,2124861,2015-04-08
14626,2125431,2015-04-07
14628,2126111,2015-04-09
14635,2126251,2015-04-07
14641,2126931,2015-04-08
14648,2127051,2015-04-08
14649,2128341,2015-04-07
14655,2128361,2015-04-10
14661,2128391,2015-04-08
14667,2128831,2015-04-07
14679,2129821,2015-04-09
14680,2130331,2015-04-08
14685,2130391,2015-04-09
14690,2130501,2015-04-08
14702,2130831,2015-04-09
14708,2130851,2015-04-07
14714,2130871,2015-04-13
14726,2130981,2015-04-09
14733,2131321,2015-04-14
14739,2132111,2015-04-09
14741,2132731,2015-04-09
14748,2132881,2015-04-07
14754,2133061,2015-04-07
14758,2133211,2015-04-08
14765,2133421,2015-04-16
14767,2133521,2015-04-10
14773,2133981,2015-04-13
14785,2134311,2015-04-08
14792,2134531,2015-04-08
14795,2134601,2015-04-08
14807,2134821,2015-04-08
14816,2134961,2015-04-08
14822,2134971,2015-04-09
14828,2135091,2015-04-08
14834,2135171,2015-04-08
14846,2135391,2015-04-13
14858,2135511,2015-04-09
14865,2135661,2015-04-10
14868,2135761,2015-04-08
14872,2135791,2015-04-13
14881,2136841,2015-04-08
14887,2136881,2015-04-08
14888,2137121,2015-04-10
14891,2137331,2015-04-16
14897,2137621,2015-04-08
14909,2138021,2015-04-09
14912,2138171,2015-04-08
14915,2138261,2015-04-08
14918,2138421,2015-04-09
14924,2138561,2015-04-08
14929,2138581,2015-04-09
14941,2138741,2015-04-08
14951,2138811,2015-04-08
14963,2138981,2015-04-09
14968,2139131,2015-04-09
14980,2139781,2015-04-09
14992,2139841,2015-04-10
14999,2140221,2015-04-08
15006,2140281,2015-04-14
15018,2140411,2015-04-09
15025,2140441,2015-04-10
15032,2140961,2015-04-13
15050,2141091,2015-04-09
15053,2141261,2015-04-09
15062,2141371,2015-04-10
15074,2141451,2015-04-09
15081,2141481,2015-04-09
15093,2141831,2015-04-09
15100,2141841,2015-04-09
15102,2142441,2015-04-09
15114,2142911,2015-04-16
15126,2143011,2015-04-09
15136,2143091,2015-04-08
15140,2143111,2015-04-14
15146,2143271,2015-04-09
15153,2143281,2015-04-15
15159,2143301,2015-04-10
15163,2143391,2015-04-13
15171,2143711,2015-04-10
15183,2143791,2015-04-09
15195,2143951,2015-04-09
15201,2144561,2015-04-09
15207,2144641,2015-04-11
15218,2144981,2015-04-13
15221,2145121,2015-04-13
15227,2145301,2015-04-09
15239,2145331,2015-04-14
15246,2145441,2015-04-09
15248,2145481,2015-04-10
15259,2145551,2015-04-09
15271,2145681,2015-04-15
15278,2145861,2015-04-10
15281,2146041,2015-04-10
15287,2146671,2015-04-09
15299,2147761,2015-04-13
15301,2147991,2015-04-14
15313,2148011,2015-04-09
15325,2148201,2015-04-10
15329,2148231,2015-04-09
15341,2148241,2015-04-09
15353,2148461,2015-04-10
15365,2148501,2015-04-09
15371,2148621,2015-04-09
15383,2148741,2015-04-09
15390,2148761,2015-04-11
15401,2148911,2015-04-10
15404,2148921,2015-04-10
15411,2149121,2015-04-13
15423,2149471,2015-04-09
15430,2149661,2015-04-10
15432,2149761,2015-04-09
15444,2149841,2015-04-13
15456,2150001,2015-04-13
15476,2150201,2015-04-12
15488,2150381,2015-04-11
15500,2150401,2015-04-09
15512,2150411,2015-04-11
15518,2150601,2015-04-13
15525,2150631,2015-04-13
15537,2151131,2015-04-10
15549,2151891,2015-04-10
15552,2151951,2015-04-12
15564,2152041,2015-04-10
15576,2152241,2015-04-10
15588,2152361,2015-04-13
15600,2152541,2015-04-10
15612,2152561,2015-04-10
15624,2152711,2015-04-10
15629,2153041,2015-04-15
15637,2153051,2015-04-10
15644,2153351,2015-04-10
15656,2153371,2015-04-11
15663,2154561,2015-04-15
15669,2154581,2015-04-13
15674,2156361,2015-04-10
15677,2156951,2015-04-11
15682,2157011,2015-04-13
15689,2157021,2015-04-13
15693,2157031,2015-04-10
15698,2157041,2015-04-14
15710,2157101,2015-04-11
15715,2157191,2015-04-10
15727,2157411,2015-04-10
15739,2157461,2015-04-13
15742,2157581,2015-04-13
15743,2157641,2015-04-11
15755,2157861,2015-04-13
15767,2157961,2015-04-11
15769,2158041,2015-04-15
15776,2158121,2015-04-13
15788,2158151,2015-04-13
15795,2158281,2015-04-14
15797,2158341,2015-04-11
15803,2158371,2015-04-10
15804,2158551,2015-04-14
15810,2158561,2015-04-14
15816,2158991,2015-04-14
15828,2159331,2015-04-10
15840,2159401,2015-04-10
15850,2159521,2015-04-11
15862,2159551,2015-04-10
15866,2159671,2015-04-13
15870,2159751,2015-04-13
15882,2160031,2015-04-14
15889,2160221,2015-04-19
15901,2160331,2015-04-13
15913,2160441,2015-04-14
15925,2160671,2015-04-13
15935,2160711,2015-04-14
15941,2160741,2015-04-14
15950,2160951,2015-04-13
15951,2161171,2015-04-13
15975,2161241,2015-04-14
15982,2161471,2015-04-15
15988,2161961,2015-04-14
16000,2162631,2015-04-15
16003,2162661,2015-04-23
16010,2163901,2015-04-19
16017,2164791,2015-04-13
16027,2165751,2015-04-14
16034,2166501,2015-04-15
16045,2166851,2015-04-13
16057,2167621,2015-04-14
16069,2168431,2015-04-13
16074,2168771,2015-04-15
16086,2168861,2015-04-15
16087,2169251,2015-04-15
16094,2169391,2015-04-13
16106,2169641,2015-04-13
16109,2170091,2015-04-13
16115,2171981,2015-04-15
16123,2172361,2015-04-18
16133,2173131,2015-04-14
16143,2173291,2015-04-14
16149,2173671,2015-04-14
16155,2173761,2015-04-14
16162,2173771,2015-04-17
16173,2174091,2015-04-14
16174,2174101,2015-04-15
16180,2174471,2015-04-14
16183,2174811,2015-04-14
16189,2175131,2015-04-21
16195,2175141,2015-04-15
16202,2175291,2015-04-13
16206,2175361,2015-04-15
16218,2175461,2015-04-13
16230,2175531,2015-04-16
16232,2175541,2015-04-15
16235,2175621,2015-04-14
16239,2176121,2015-04-15
16245,2176201,2015-04-13
16251,2176901,2015-04-15
16263,2176961,2015-04-15
16275,2178871,2015-04-15
16281,2179141,2015-04-15
16287,2179191,2015-04-15
16296,2179251,2015-04-15
16300,2179431,2015-04-15
16306,2179621,2015-04-15
16309,2179801,2015-04-13
16321,2179821,2015-04-15
16325,2179921,2015-04-14
16332,2179931,2015-04-20
16337,2179991,2015-04-15
16341,2180211,2015-04-13
16353,2180501,2015-04-15
16359,2180721,2015-04-13
16368,2180851,2015-04-15
16375,2181091,2015-04-15
16377,2181131,2015-04-14
16389,2181701,2015-04-13
16399,2181731,2015-04-13
16411,2181831,2015-04-15
16417,2182091,2015-04-17
16424,2182101,2015-04-15
16431,2182231,2015-04-13
16436,2182371,2015-04-13
16448,2182401,2015-04-16
16454,2182701,2015-04-22
16455,2182891,2015-04-17
16462,2183061,2015-04-17
16469,2183111,2015-04-15
16481,2183481,2015-04-13
16499,2183541,2015-04-13
16504,2184121,2015-04-15
16509,2184311,2015-04-15
16513,2184771,2015-04-18
16525,2185051,2015-04-18
16537,2185271,2015-04-15
16543,2185851,2015-04-16
16549,2187431,2015-04-16
16556,2187941,2015-04-14
16568,2188061,2015-04-16
16580,2188611,2015-04-16
16587,2188631,2015-04-14
16599,2188661,2015-04-18
16606,2188841,2015-04-15
16612,2188961,2015-04-14
16620,2189211,2015-04-21
16627,2189531,2015-04-15
16631,2189791,2015-04-18
16637,2189981,2015-04-17
16649,2190061,2015-04-16
16654,2190121,2015-04-24
16656,2190261,2015-04-14
16668,2190301,2015-04-16
16670,2190391,2015-04-16
16682,2190401,2015-04-23
16694,2190461,2015-04-17
16706,2190721,2015-04-17
16718,2190961,2015-04-17
16725,2191041,2015-04-17
16737,2191061,2015-04-15
16743,2191071,2015-04-16
16749,2191131,2015-04-16
16760,2191151,2015-04-15
16784,2191311,2015-04-20
16788,2191341,2015-04-16
16794,2191371,2015-04-17
16818,2191931,2015-04-29
16829,2192041,2015-04-21
16835,2192361,2015-04-16
16847,2192691,2015-04-20
16853,2192931,2015-04-17
16865,2192981,2015-04-16
16871,2193921,2015-04-17
16883,2196321,2015-04-24
16889,2196371,2015-04-15
16901,2196391,2015-04-18
16913,2196421,2015-04-17
16915,2196461,2015-04-17
16927,2196841,2015-04-23
16938,2196911,2015-04-18
16944,2197411,2015-04-17
16948,2197431,2015-04-17
16952,2197711,2015-04-19
16964,2197801,2015-04-17
16969,2197881,2015-04-16
16976,2197921,2015-04-16
16988,2198161,2015-04-18
17000,2198331,2015-04-16
17006,2198501,2015-04-16
17009,2198541,2015-04-17
17015,2198771,2015-04-16
17020,2198801,2015-04-17
17023,2198851,2015-04-16
17028,2198971,2015-04-21
17035,2199071,2015-04-19
17037,2199501,2015-04-17
17049,2199571,2015-04-18
17059,2199681,2015-04-20
17068,2199791,2015-04-16
17080,2199921,2015-04-16
17090,2199981,2015-04-16
17102,2200141,2015-04-15
17114,2200151,2015-04-15
17126,2200161,2015-04-19
17138,2200231,2015-04-16
17144,2200261,2015-04-17
17148,2200461,2015-04-18
17160,2200481,2015-04-21
17167,2200531,2015-04-15
17174,2200971,2015-04-16
17183,2201021,2015-04-17
17195,2201121,2015-04-20
17202,2201261,2015-04-28
17214,2201461,2015-04-18
17220,2201611,2015-04-17
17223,2201731,2015-04-18
17229,2201901,2015-04-19
17231,2202091,2015-04-19
17243,2202141,2015-04-16
17245,2202341,2015-04-18
17257,2202541,2015-04-18
17269,2202561,2015-04-17
17281,2204081,2015-04-18
17290,2204371,2015-04-18
17301,2204461,2015-04-16
17313,2204981,2015-04-16
17319,2205371,2015-04-19
17326,2205391,2015-04-25
17338,2205431,2015-04-20
17345,2205571,2015-04-20
17346,2205811,2015-04-17
17352,2205861,2015-04-19
17364,2206251,2015-04-21
17369,2206281,2015-04-18
17381,2206351,2015-04-16
17393,2206391,2015-04-17
17405,2206411,2015-04-19
17411,2206631,2015-04-16
17429,2207261,2015-04-16
17433,2207571,2015-04-21
17434,2207701,2015-04-17
17443,2207871,2015-04-20
17449,2207901,2015-04-18
17452,2207951,2015-04-20
17459,2208161,2015-04-19
17463,2208261,2015-04-20
17465,2208311,2015-04-18
17469,2208431,2015-04-20
17475,2208521,2015-04-17
17482,2208651,2015-04-17
17486,2208661,2015-04-17
17492,2208771,2015-04-17
17494,2208781,2015-04-18
17506,2209081,2015-04-25
17518,2209191,2015-04-18
17525,2209201,2015-04-18
17531,2209301,2015-04-17
17543,2209381,2015-04-19
17549,2209541,2015-04-17
17555,2209601,2015-04-17
17561,2209831,2015-04-20
17567,2209841,2015-04-17
17568,2210091,2015-04-21
17569,2210341,2015-04-17
17576,2210401,2015-04-18
17579,2210451,2015-04-20
17586,2210891,2015-04-21
17600,2212431,2015-04-21
17602,2212641,2015-04-21
17608,2213121,2015-04-29
17616,2213281,2015-04-22
17628,2213741,2015-04-22
17634,2213751,2015-04-17
17636,2213761,2015-04-20
17639,2214021,2015-04-18
17644,2214111,2015-04-20
17645,2214161,2015-04-22
17651,2214341,2015-04-20
17657,2214501,2015-04-19
17660,2215011,2015-04-17
17666,2215041,2015-04-20
17673,2215051,2015-04-20
17679,2215151,2015-04-20
17685,2215161,2015-04-23
17691,2215271,2015-04-18
17697,2215321,2015-04-21
17703,2215451,2015-04-21
17715,2215681,2015-04-19
17727,2215731,2015-04-23
17734,2215771,2015-04-20
17750,2215861,2015-04-18
17756,2216041,2015-04-22
17763,2216461,2015-04-21
17765,2216571,2015-04-29
17777,2216881,2015-04-20
17783,2217041,2015-04-24
17807,2217151,2015-04-20
17810,2217281,2015-04-21
17816,2218101,2015-04-20
17817,2218801,2015-04-18
17823,2220051,2015-04-18
17830,2220241,2015-04-20
17840,2220431,2015-04-20
17843,2220551,2015-04-19
17846,2220731,2015-04-23
17853,2220841,2015-04-20
17865,2221721,2015-04-19
17868,2221941,2015-04-22
17875,2222371,2015-04-21
17887,2222601,2015-04-28
17893,2222631,2015-04-21
17896,2222641,2015-04-20
17908,2222971,2015-04-22
17914,2222991,2015-04-20
17921,2224661,2015-04-21
17925,2225201,2015-04-22
17931,2225451,2015-04-25
17932,2226781,2015-04-20
17938,2227131,2015-04-22
17944,2227581,2015-04-21
17946,2227621,2015-04-27
17949,2228231,2015-04-22
17954,2228711,2015-04-20
17955,2229641,2015-04-21
17967,2230011,2015-04-20
17970,2230151,2015-04-20
17977,2231801,2015-04-20
17983,2231821,2015-04-22
17988,2231881,2015-04-23
17994,2232501,2015-04-21
17997,2232731,2015-04-20
18003,2232741,2015-04-23
18015,2233211,2015-04-24
18018,2233941,2015-04-24
18030,2234741,2015-04-21
18033,2234771,2015-04-22
18043,2234911,2015-04-21
18055,2234971,2015-04-20
18067,2235031,2015-04-20
18079,2235041,2015-04-21
18083,2235071,2015-04-23
18095,2235481,2015-04-29
18099,2235601,2015-04-20
18104,2235701,2015-04-23
18108,2235801,2015-04-21
18111,2235981,2015-04-20
18117,2236271,2015-04-26
18124,2236361,2015-04-20
18131,2236701,2015-04-22
18137,2236871,2015-04-25
18143,2236891,2015-04-21
18148,2237151,2015-04-22
18154,2237161,2015-04-22
18155,2237461,2015-04-21
18161,2237801,2015-04-26
18173,2238081,2015-04-22
18179,2238291,2015-04-22
18185,2238321,2015-04-20
18197,2238501,2015-04-23
18209,2238661,2015-04-20
18216,2238831,2015-04-21
18222,2238961,2015-04-23
18231,2239131,2015-04-21
18242,2239551,2015-04-22
18248,2239811,2015-04-21
18254,2239831,2015-04-22
18257,2240101,2015-04-22
18269,2240231,2015-04-22
18277,2240321,2015-04-22
18280,2240421,2015-04-22
18285,2240691,2015-04-26
18290,2240901,2015-04-22
18293,2241231,2015-04-22
18295,2241491,2015-04-23
18301,2243551,2015-04-22
18307,2243621,2015-04-27
18314,2243751,2015-04-23
18325,2243901,2015-04-22
18337,2244121,2015-04-30
18341,2244461,2015-04-23
18347,2244481,2015-04-26
18354,2244531,2015-04-22
18359,2244561,2015-04-22
18362,2244571,2015-04-23
18369,2244921,2015-04-23
18372,2245451,2015-04-22
18379,2245491,2015-04-22
18381,2245551,2015-04-22
18386,2245571,2015-04-22
18389,2246341,2015-04-21
18396,2246461,2015-04-23
18404,2246791,2015-04-28
18410,2246831,2015-04-25
18421,2246891,2015-04-22
18427,2247011,2015-04-22
18445,2247021,2015-04-29
18457,2247091,2015-04-26
18466,2247181,2015-04-30
18478,2247331,2015-04-25
18490,2247351,2015-04-22
18492,2247551,2015-04-25
18504,2247801,2015-04-23
18509,2247851,2015-04-30
18518,2247911,2015-04-22
18521,2247921,2015-04-24
18528,2247941,2015-04-24
18547,2248001,2015-04-22
18559,2248101,2015-04-21
18566,2248121,2015-04-26
18573,2248171,2015-04-25
18591,2248371,2015-04-28
18609,2248471,2015-04-24
18626,2248761,2015-04-24
18633,2248831,2015-04-25
18636,2249041,2015-04-29
18648,2249081,2015-04-23
18652,2249201,2015-04-24
18657,2249431,2015-04-22
18660,2251851,2015-04-29
18667,2252521,2015-04-22
18685,2252991,2015-04-23
18697,2253181,2015-04-22
18709,2253231,2015-04-26
18726,2253581,2015-04-24
18732,2253611,2015-04-24
18736,2254051,2015-04-22
18745,2254191,2015-04-23
18767,2254631,2015-04-23
18773,2254861,2015-04-25
18780,2255071,2015-04-27
18792,2255251,2015-04-23
18795,2255401,2015-04-27
18801,2255461,2015-04-26
18808,2255611,2015-04-24
18815,2256041,2015-04-25
18829,2256831,2015-04-24
18835,2256901,2015-04-22
18847,2257011,2015-04-24
18850,2257061,2015-04-24
18856,2257071,2015-04-24
18859,2257121,2015-04-27
18865,2257181,2015-04-24
18870,2257261,2015-04-24
18888,2257311,2015-04-24
18912,2257671,2015-04-27
18917,2257731,2015-04-26
18936,2257841,2015-04-29
18942,2257921,2015-04-26
18954,2258061,2015-04-24
18960,2258431,2015-04-25
18978,2258531,2015-04-24
19002,2258541,2015-04-27
19005,2259411,2015-04-26
19012,2259821,2015-04-26
19024,2260301,2015-04-24
19031,2262161,2015-04-26
19043,2262951,2015-04-29
19055,2262991,2015-04-27
19062,2263191,2015-04-28
19068,2263201,2015-04-24
19080,2263321,2015-04-24
19083,2263381,2015-04-26
19091,2263521,2015-04-24
19103,2263621,2015-04-24
19122,2263881,2015-04-24
19125,2263891,2015-04-27
19132,2263921,2015-04-27
19148,2264211,2015-04-24
19153,2264381,2015-04-28
19165,2264681,2015-04-24
19172,2264801,2015-04-26
19184,2264951,2015-04-23
19199,2265321,2015-04-27
19217,2265571,2015-04-26
19228,2265641,2015-04-24
19240,2266101,2015-04-27
19243,2266191,2015-04-29
19255,2266341,2015-04-25
19267,2266351,2015-04-24
19279,2266681,2015-04-28
19291,2267001,2015-04-27
19296,2267181,2015-04-27
19303,2267431,2015-04-27
19315,2267451,2015-04-28
19327,2267931,2015-04-27
19333,2268021,2015-04-27
19345,2268221,2015-04-24
19351,2268371,2015-04-24
19354,2268571,2015-04-28
19366,2271501,2015-04-28
19369,2271691,2015-04-27
19381,2272021,2015-04-26
19405,2272731,2015-04-29
19442,2274651,2015-04-30
19472,2274951,2015-04-26
19514,2276091,2015-04-27
19520,2276111,2015-04-30
19532,2276121,2015-04-24
19538,2276161,2015-04-27
19562,2276181,2015-04-29
19580,2276421,2015-04-27
19592,2276531,2015-04-27
19599,2276831,2015-04-27
19659,2279661,2015-04-28
19666,2279931,2015-04-29
19678,2281241,2015-04-27
19681,2281741,2015-04-27
19690,2283361,2015-04-30
19696,2283741,2015-04-28
19703,2283861,2015-04-29
19710,2283871,2015-04-28
19729,2284281,2015-04-26
19741,2285071,2015-04-27
19753,2285281,2015-04-27
19824,2289961,2015-04-30
19830,2289971,2015-04-27
19864,2292141,2015-04-28
19897,2292991,2015-04-28
19904,2293221,2015-04-27
19916,2293441,2015-04-29
19940,2293531,2015-04-29
19947,2294001,2015-04-27
19954,2294771,2015-04-27
19986,2297221,2015-04-27
19992,2297321,2015-04-27
20004,2297651,2015-04-27
20024,2297881,2015-04-27
20032,2298081,2015-04-29
20052,2299511,2015-04-29
20088,2299571,2015-04-29
20100,2299771,2015-04-27
20105,2299901,2015-04-29
20119,2300461,2015-04-29
20164,2301571,2015-04-30
20171,2301581,2015-04-28
20175,2301731,2015-04-29
20182,2301791,2015-04-30
20192,2301891,2015-04-28
20238,2302631,2015-04-29
20262,2302771,2015-04-28
20293,2303101,2015-04-29
20299,2303121,2015-04-30
20305,2303251,2015-04-29
20317,2303281,2015-04-29
20330,2303891,2015-04-30
20333,2304031,2015-04-30
20355,2304811,2015-04-29
20381,2305701,2015-04-29
20419,2307771,2015-04-30
20437,2307861,2015-04-30
20455,2308211,2015-04-28
20462,2308401,2015-04-30
20471,2309371,2015-04-30
20483,2309771,2015-04-29
20495,2310141,2015-04-29
20531,2310281,2015-04-29
20567,2310621,2015-04-30
20582,2311251,2015-04-30
20594,2312331,2015-04-29
20601,2312361,2015-04-29
20616,2312551,2015-04-30
20628,2312561,2015-04-29
20652,2312571,2015-04-29
20664,2312681,2015-04-29
20685,2313031,2015-04-29
20692,2313181,2015-04-28
20699,2313311,2015-04-29
20707,2317761,2015-04-30
20719,2317991,2015-04-30
20749,2319561,2015-04-30
20751,2319591,2015-04-30
20758,2319681,2015-04-30
20770,2319871,2015-04-29
20806,2320611,2015-04-30
20820,2321391,2015-04-30
20832,2321491,2015-04-30
20836,2321571,2015-04-30
20883,2322131,2015-04-30
20948,2326781,2015-04-30
20999,2327201,2015-04-30
21025,2328031,2015-04-30
21047,2328971,2015-04-30
21148,2331411,2015-04-30
21160,2331441,2015-04-30
